txn_id,timestamp,from_acc,to_acc,transfer_type,sender_type,receiver_type,amount,txn_mode,city
TXN101,2026-09-05 10:00:00,VIC_10,ACC_101,internal,Savings,Savings,250000,IMPS,Delhi
TXN102,2026-09-05 10:04:00,VIC_11,ACC_201,internal,Savings,Current,180000,NEFT,Mumbai
TXN103,2026-09-05 10:06:00,VIC_12,ACC_201,internal,Savings,Current,160000,UPI,Noida
TXN104,2026-09-05 10:08:00,VIC_13,ACC_501,internal,Savings,Current,140000,IMPS,Kolkata
TXN105,2026-09-05 10:10:00,VIC_14,ACC_102,external,Savings,Current,320000,RTGS,Bengaluru
TXN106,2026-09-05 10:14:00,VIC_15,ACC_103,internal,Savings,Savings,480000,IMPS,Hyderabad
TXN107,2026-09-05 10:18:00,VIC_16,ACC_202,external,Savings,Current,750000,NEFT,Pune
TXN108,2026-09-05 10:22:00,VIC_17,ACC_203,internal,Savings,Current,210000,UPI,Ahmedabad
TXN109,2026-09-05 10:26:00,VIC_18,ACC_502,external,Savings,Current,390000,IMPS,Jaipur
TXN110,2026-09-05 10:30:00,VIC_19,ACC_503,internal,Savings,Current,175000,UPI,Lucknow
TXN201,2026-09-05 10:12:00,ACC_101,ACC_201,external,Savings,Current,245000,NEFT,Delhi
TXN202,2026-09-05 10:15:00,ACC_201,ACC_301,internal,Current,Savings,200000,IMPS,Jamtara
TXN203,2026-09-05 10:18:00,ACC_201,ACC_501,internal,Current,Current,150000,NEFT,Jamtara
TXN204,2026-09-05 10:20:00,ACC_501,ACC_601,external,Current,Savings,130000,IMPS,Kolkata
TXN207,2026-09-05 10:21:00,ACC_102,ACC_301,external,Current,Savings,310000,RTGS,Jamtara
TXN208,2026-09-05 10:23:00,ACC_103,ACC_302,internal,Savings,Current,470000,IMPS,Mewat
TXN209,2026-09-05 10:25:00,ACC_202,ACC_301,external,Current,Savings,500000,NEFT,Jamtara
TXN210,2026-09-05 10:27:00,ACC_202,ACC_302,internal,Current,Current,230000,IMPS,Mewat
TXN211,2026-09-05 10:29:00,ACC_203,ACC_303,external,Current,Savings,200000,UPI,Ahmedabad
TXN212,2026-09-05 10:32:00,ACC_502,ACC_302,external,Current,Current,370000,NEFT,Mewat
TXN213,2026-09-05 10:35:00,ACC_503,ACC_601,internal,Current,Savings,165000,UPI,Kolkata
TXN301,2026-09-05 10:25:00,ACC_301,ACC_801,external,Savings,Savings,110000,NEFT,Deoghar
TXN302,2026-09-05 10:28:00,ACC_301,ACC_401,external,Savings,Current,80000,IMPS,Deoghar
TXN303,2026-09-05 10:31:00,ACC_501,ACC_601,internal,Current,Savings,120000,UPI,Dhanbad
TXN304,2026-09-05 10:34:00,ACC_601,ACC_701,external,Savings,Current,110000,IMPS,Ranchi
TXN307,2026-09-05 10:37:00,ACC_301,ACC_402,external,Savings,Current,350000,RTGS,Deoghar
TXN308,2026-09-05 10:40:00,ACC_302,ACC_403,internal,Current,Current,400000,IMPS,Mewat
TXN309,2026-09-05 10:42:00,ACC_302,ACC_404,external,Current,Savings,280000,NEFT,Mewat
TXN310,2026-09-05 10:45:00,ACC_303,ACC_405,external,Savings,Current,190000,UPI,Ahmedabad
TXN311,2026-09-05 10:48:00,ACC_601,ACC_406,internal,Savings,Current,150000,IMPS,Dhanbad
TXN401,2026-09-05 10:38:00,ACC_401,ACC_802,external,Current,Savings,70000,NEFT,Dhanbad
TXN402,2026-09-05 10:41:00,ACC_501,ACC_803,external,Current,Savings,100000,IMPS,Jaipur
TXN403,2026-09-05 10:44:00,ACC_701,ACC_804,external,Current,Savings,95000,NEFT,Ranchi
TXN407,2026-09-05 10:49:00,ACC_402,ACC_805,external,Current,Savings,320000,IMPS,Delhi
TXN408,2026-09-05 10:52:00,ACC_403,ACC_806,external,Current,Savings,380000,NEFT,Mewat
TXN409,2026-09-05 10:55:00,ACC_404,ACC_807,internal,Savings,Savings,260000,IMPS,Jaipur
TXN410,2026-09-05 10:57:00,ACC_405,ACC_808,external,Current,Savings,180000,RTGS,Surat
TXN411,2026-09-05 11:00:00,ACC_406,ACC_809,internal,Current,Savings,140000,UPI,Kolkata
TXN501,2026-09-05 10:09:00,ACC_901,ACC_902,internal,Savings,Savings,18500,UPI,Pune
TXN502,2026-09-05 10:11:00,ACC_903,ACC_904,external,Current,Savings,42000,NEFT,Jaipur
TXN503,2026-09-05 10:22:00,ACC_905,ACC_906,external,Savings,Current,27500,UPI,Ranchi
TXN504,2026-09-05 10:24:00,ACC_907,ACC_908,internal,Current,Savings,61000,NEFT,Dhanbad
TXN505,2026-09-05 10:36:00,ACC_909,ACC_910,internal,Savings,Savings,33000,UPI,Bhubaneswar
TXN506,2026-09-05 10:39:00,ACC_911,ACC_912,external,Current,Savings,52000,NEFT,Nagpur
TXN507,2026-09-05 10:47:00,ACC_913,ACC_914,internal,Savings,Current,28500,UPI,Lucknow
TXN508,2026-09-05 10:50:00,ACC_915,ACC_916,external,Current,Savings,47000,IMPS,Patna
TXN509,2026-09-05 10:53:00,ACC_917,ACC_918,internal,Savings,Savings,19000,NEFT,Chennai
TXN510,2026-09-05 10:56:00,ACC_919,ACC_920,external,Savings,Current,84000,RTGS,Bengaluru
TXN511,2026-09-05 10:58:00,ACC_921,ACC_922,internal,Current,Savings,36500,IMPS,Hyderabad
TXN512,2026-09-05 11:02:00,ACC_923,ACC_924,external,Savings,Savings,14200,UPI,Mumbai
